{"data_time": 0.017875295999999707, "eta_seconds": 2060.058048214487, "iteration": 19, "loss_box_reg": 0.25480761379003525, "loss_cls": 0.9543866217136383, "lr": 9.590500000000001e-05, "num_foreground": 632.5, "time": 5.406976504499966, "total_loss": 1.1948877424001694}
{"data_time": 0.02067745750002814, "eta_seconds": 1875.7163939680056, "iteration": 39, "loss_box_reg": 0.15663424879312515, "loss_cls": 0.398067370057106, "lr": 0.000195805, "num_foreground": 589.0, "time": 5.117086846999996, "total_loss": 0.5813767239451408}
{"data_time": 0.018774442500046007, "eta_seconds": 1788.0221724915061, "iteration": 59, "loss_box_reg": 0.1732361614704132, "loss_cls": 0.23628195375204086, "lr": 0.000295705, "num_foreground": 609.0, "time": 5.338659679999978, "total_loss": 0.41796133667230606}
{"data_time": 0.020712003500023002, "eta_seconds": 1683.1528368615059, "iteration": 79, "loss_box_reg": 0.16455413401126862, "loss_cls": 0.22027325630187988, "lr": 0.00039560500000000005, "num_foreground": 638.0, "time": 5.134413904499922, "total_loss": 0.3594390004873276}
{"data_time": 0.02845654499998318, "eta_seconds": 1617.8523685625037, "iteration": 99, "loss_box_reg": 0.13935516774654388, "loss_cls": 0.2099536582827568, "lr": 0.000495505, "num_foreground": 568.0, "time": 5.670326630999966, "total_loss": 0.33851660788059235}
{"data_time": 0.016228820000037558, "eta_seconds": 1519.7597865770103, "iteration": 119, "loss_box_reg": 0.14242377132177353, "loss_cls": 0.20983649045228958, "lr": 0.000595405, "num_foreground": 583.0, "time": 5.515171412499967, "total_loss": 0.3424789533019066}
{"data_time": 0.022451622000062343, "eta_seconds": 1421.8409536289923, "iteration": 139, "loss_box_reg": 0.1702171191573143, "loss_cls": 0.19285694509744644, "lr": 0.000695305, "num_foreground": 568.5, "time": 5.549856840499956, "total_loss": 0.3471821993589401}
{"data_time": 0.017286869500026114, "eta_seconds": 1007.0843038084907, "iteration": 19, "loss_box_reg": 0.2952485829591751, "loss_cls": 1.055184245109558, "lr": 0.00019081000000000002, "num_foreground": 692.0, "time": 5.564001678499949, "total_loss": 1.3444477021694183}
{"data_time": 0.017585318500096037, "eta_seconds": 887.2155045074958, "iteration": 39, "loss_box_reg": 0.16592911630868912, "loss_cls": 0.27098727226257324, "lr": 0.00039061, "num_foreground": 663.0, "time": 5.466755541499992, "total_loss": 0.4471942409873009}
{"data_time": 0.018920474500077944, "eta_seconds": 775.0194787680035, "iteration": 59, "loss_box_reg": 0.17544099688529968, "loss_cls": 0.2269621416926384, "lr": 0.00059041, "num_foreground": 611.0, "time": 5.420047521000015, "total_loss": 0.39975740760564804}
{"data_time": 0.016022969499999817, "eta_seconds": 667.0956767309988, "iteration": 79, "loss_box_reg": 0.18502696603536606, "loss_cls": 0.23534651845693588, "lr": 0.0007902100000000001, "num_foreground": 714.5, "time": 5.54607957550013, "total_loss": 0.4236847534775734}
{"data_time": 0.015557596999883572, "eta_seconds": 555.8744869414891, "iteration": 99, "loss_box_reg": 0.13228093087673187, "loss_cls": 0.1766030117869377, "lr": 0.00099001, "num_foreground": 605.0, "time": 5.376610137499938, "total_loss": 0.3085355572402477}
{"data_time": 0.0208114200000864, "eta_seconds": 446.2465702364915, "iteration": 119, "loss_box_reg": 0.14084263145923615, "loss_cls": 0.19432839006185532, "lr": 5e-05, "num_foreground": 599.0, "time": 5.543437281499905, "total_loss": 0.3320583626627922}
{"data_time": 0.023312955999927, "eta_seconds": 335.60333582999715, "iteration": 139, "loss_box_reg": 0.129688061773777, "loss_cls": 0.17420890182256699, "lr": 5e-05, "num_foreground": 548.0, "time": 5.354719687500051, "total_loss": 0.3058476150035858}
{"data_time": 0.01460675049997917, "eta_seconds": 225.77407733299503, "iteration": 159, "loss_box_reg": 0.16640754789113998, "loss_cls": 0.22401169687509537, "lr": 5e-05, "num_foreground": 583.0, "time": 5.596505159999879, "total_loss": 0.39041924476623535}
{"data_time": 0.02157794400000057, "eta_seconds": 115.57786362149773, "iteration": 179, "loss_box_reg": 0.14770328998565674, "loss_cls": 0.22557593882083893, "lr": 5e-05, "num_foreground": 581.0, "time": 5.349707874999922, "total_loss": 0.37492477148771286}
